{
  "project_info": {
    "project_number": "258014507158",
    "firebase_url": "https://kotlinmvvmframework.firebaseio.com",
    "project_id": "kotlinmvvmframework",
    "storage_bucket": "kotlinmvvmframework.appspot.com"
  },
  "client": [
    {
      "client_info": {
        "mobilesdk_app_id": "1:258014507158:android:9c38e572f3cacb2c",
        "android_client_info": {
          "package_name": "com.narola.kotlinmvvmframework"
        }
      },
      "oauth_client": [
        {
          "client_id": "258014507158-ns6ar1hnmabj1hr82rha3vlfq36joh5t.apps.googleusercontent.com",
          "client_type": 1,
          "android_info": {
            "package_name": "com.narola.kotlinmvvmframework",
            "certificate_hash": "871ac0c001c32f7bee4f8e0ac340b6b93b030046"
          }
        },
        {
          "client_id": "258014507158-c2nnc6sspg995uoraa8bb15kahfrthrp.apps.googleusercontent.com",
          "client_type": 1,
          "android_info": {
            "package_name": "com.narola.kotlinmvvmframework",
            "certificate_hash": "a8d2d81f08d203a9879713dda57724521152e7a3"
          }
        },
        {
          "client_id": "258014507158-kgd2g57t9ab7sc34kjes6odac343g9i0.apps.googleusercontent.com",
          "client_type": 3
        }
      ],
      "api_key": [
        {
          "current_key": "AIzaSyDqY8u8xpLz8ZreP2dh6xiw-rc72sSI4CI"
        }
      ],
      "services": {
        "appinvite_service": {
          "other_platform_oauth_client": [
            {
              "client_id": "258014507158-494c61hpid9i78224tb19rgokcmcaien.apps.googleusercontent.com",
              "client_type": 3
            }
          ]
        }
      }
    }
  ],
  "configuration_version": "1"
}